Gender,Married,Dependents,Education,Self_Employed,ApplicantIncome,CoapplicantIncome,LoanAmount,Loan_Amount_Term,Credit_History,Property_Area,Loan_Status
Male,Yes,0,Graduate,No,5000,0,150,360,1,Urban,Y
Female,No,1,Graduate,Yes,3000,1500,80,360,0,Rural,N
Male,Yes,2,Not Graduate,No,4000,1200,120,120,1,Semiurban,Y
Male,No,0,Graduate,No,2500,0,60,360,1,Urban,Y
Female,Yes,1,Graduate,Yes,6000,2000,180,360,1,Urban,Y
Female,No,0,Not Graduate,No,2200,0,70,180,0,Rural,N
Male,Yes,2,Graduate,No,6500,1000,200,360,1,Urban,Y
Male,Yes,3+,Graduate,Yes,7000,500,160,360,1,Semiurban,Y
Female,No,0,Graduate,No,3200,800,90,240,0,Rural,N
Male,Yes,1,Not Graduate,No,4500,0,110,360,1,Urban,Y
